total	pitch	player	tau	brier	n_pitchers	exp	val	decay	alpha	n_feat	n_train	sec
67.31171853500024	69.9875724226917	61.0680594637202	0.221361189274404	0.600248551546166	321	base_rf	2024	1.0	100.0	49	1002910	16
64.11209356093288	69.88708364770342	50.63711669180163	0.012742333836032611	0.6022583270459317	303	base_rf	2023	1.0	100.0	49	790308	11
67.31171853500024	69.9875724226917	61.0680594637202	0.221361189274404	0.600248551546166	321	base_rf	2024	1.0	100.0	49	1002910	16
67.38743456238369	69.97891460888346	61.34064778721757	0.2268129557443515	0.600421707822331	321	hist_rf	2024	1.0	100.0	63	1002910	17
68.84430380510263	69.97235234728674	66.21219054000638	0.32424381080012754	0.6005529530542651	321	base_lgbm	2024	1.0	100.0	47	1002910	44
69.05698523847607	69.96910387543136	66.92870841891376	0.3385741683782753	0.6006179224913728	321	hist_lgbm	2024	1.0	100.0	61	1002910	37
64.11209356093288	69.88708364770342	50.63711669180163	0.012742333836032611	0.6022583270459317	303	base_rf	2023	1.0	100.0	49	790308	11
64.08459945678037	69.88152779821064	50.55843332677639	0.011168666535527725	0.6023694440357872	303	hist_rf	2023	1.0	100.0	63	790308	13
64.43698444962112	69.77045531826221	51.992219089458615	0.0398443817891723	0.6045908936347559	303	base_lgbm	2023	1.0	100.0	47	790308	27
64.41763956283711	69.77279438096133	51.922278320547285	0.03844556641094573	0.6045441123807735	303	hist_lgbm	2023	1.0	100.0	61	790308	34
70.62831250537842	69.9252582192267	72.26877250639909	0.44537545012798196	0.601494835615466	306	base_rf	2022	1.0	100.0	49	586361	8
70.46870195127916	69.9222559998713	71.74374250456415	0.4348748500912831	0.601554880002574	306	hist_rf	2022	1.0	100.0	63	586361	9
70.13750626337497	69.87710294284507	70.7451140112781	0.4149022802255622	0.6024579411430986	306	base_lgbm	2022	1.0	100.0	47	586361	24
70.27942774034642	69.88055080720979	71.21014058433191	0.42420281168663826	0.6023889838558042	306	hist_lgbm	2022	1.0	100.0	61	586361	33
64.41763956283711	69.77279438096133	51.922278320547285	0.03844556641094573	0.6045441123807735	303	hist_lgbm	2023	1.0	100.0	61	790308	36
69.05698523847607	69.96910387543136	66.92870841891376	0.3385741683782753	0.6006179224913728	321	hist_lgbm	2024	1.0	100.0	61	1002910	179
70.27942774034642	69.88055080720979	71.21014058433191	0.42420281168663826	0.6023889838558042	306	hist_lgbm	2022	1.0	100.0	61	586361	135
64.3594401108646	69.81048747443222	51.64032959587349	0.032806591917469895	0.6037902505113555	303	hist_lgbm_reg	2023	1.0	100.0	61	790308	19
69.2080960757834	70.01224451149095	67.33174972579916	0.34663499451598334	0.5997551097701809	321	hist_lgbm_reg	2024	1.0	100.0	61	1002910	21
70.527279162613	69.93154572425733	71.91732385210958	0.43834647704219176	0.6013690855148536	306	hist_lgbm_reg	2022	1.0	100.0	61	586361	15
64.36308107073208	69.76791680262045	51.751797696325916	0.03503595392651848	0.6046416639475912	303	hist_lgbm-from2020	2023	1.0	100.0	61	623747	34
69.17398579068981	69.96935671114646	67.31812030962429	0.346362406192486	0.600612865777071	321	hist_lgbm-from2020	2024	1.0	100.0	61	836349	38
70.08545145711273	69.86519148222222	70.59939139852392	0.41198782797047845	0.6026961703555557	306	hist_lgbm-from2020	2022	1.0	100.0	61	419800	30
64.27956844643448	69.72073947156368	51.583502721133044	0.03167005442266081	0.6055852105687266	303	hist_lgbm-era	2023	1.0	100.0	61	790308	37
69.10339473427115	69.97198464722288	67.07668493738377	0.34153369874767536	0.6005603070555423	321	hist_lgbm-era	2024	1.0	100.0	61	1002910	38
70.42609148243939	69.88985491620554	71.67731013698504	0.4335462027397009	0.6022029016758893	306	hist_lgbm-era	2022	1.0	100.0	61	586361	31
64.05191290258264	69.72804815396536	50.80759731602299	0.016151946320459864	0.6054390369206928	303	hist_lgbm-from2020-era	2023	1.0	100.0	61	623747	34
69.21530777734586	69.96747297489394	67.46025564973365	0.3492051129946729	0.6006505405021213	321	hist_lgbm-from2020-era	2024	1.0	100.0	61	836349	38
70.19555396623247	69.87185992912633	70.95084005281343	0.41901680105626865	0.6025628014174733	306	hist_lgbm-from2020-era	2022	1.0	100.0	61	419800	30
64.12926129366508	69.74393847613611	51.02834786789937	0.02056695735798746	0.6051212304772778	303	hist_lgbm-from2020-era-noBat	2023	1.0	100.0	50	623747	29
69.12095952970903	69.98289149325825	67.10978494809416	0.3421956989618833	0.6003421701348352	321	hist_lgbm-from2020-era-noBat	2024	1.0	100.0	50	836349	32
70.32200203278168	69.87524499733809	71.3644351154834	0.42728870230966814	0.6024951000532385	306	hist_lgbm-from2020-era-noBat	2022	1.0	100.0	50	419800	23
63.849805775875474	69.63041185944499	50.361724914213276	0.007234498284265514	0.6073917628111003	303	hist_lgbm-from2021-era	2023	1.0	100.0	61	417112	29
69.14227782028638	69.96327895099168	67.22660851530733	0.34453217030614647	0.6007344209801663	321	hist_lgbm-from2021-era	2024	1.0	100.0	61	629714	35
69.88632156795872	69.78552783370925	70.12150694787415	0.40243013895748325	0.604289443325815	306	hist_lgbm-from2021-era	2022	1.0	100.0	61	213165	25
64.61395068558281	69.77035341062631	52.58234432714794	0.05164688654295894	0.6045929317874739	303	hist_lgbm-noBat	2023	1.0	100.0	50	790308	29
69.16357579944858	69.98118782473628	67.25581440711062	0.3451162881422123	0.6003762435052745	321	hist_lgbm-noBat	2024	1.0	100.0	50	1002910	34
70.26476671808278	69.88532224488222	71.15013715555078	0.42300274311101554	0.6022935551023557	306	hist_lgbm-noBat	2022	1.0	100.0	50	586361	25
64.22757942648711	69.74950718298145	51.34308132800035	0.026861626560007	0.605009856340371	303	hist_lgbm-noTM	2023	1.0	100.0	53	790308	34
68.87490674993441	69.96099687250309	66.34069646394084	0.3268139292788171	0.6007800625499382	321	hist_lgbm-noTM	2024	1.0	100.0	53	1002910	37
70.48405024083854	69.88172957949006	71.88946511731835	0.4377893023463669	0.6023654084101989	306	hist_lgbm-noTM	2022	1.0	100.0	53	586361	28
69.24215666466834	70.01500752277853	67.43883799574458	0.3487767599148913	0.5996998495444295	321	hist_lgbm_reg-x5	2024	1.0	100.0	61	1002910	156
64.33242938685365	69.81592594199022	51.53760409153498	0.030752081830699628	0.6036814811601955	303	hist_lgbm_reg-x5	2023	1.0	100.0	61	790308	77
70.55178610728743	69.93992147020059	71.97947026049005	0.439589405209801	0.6012015705959881	306	hist_lgbm_reg-x5	2022	1.0	100.0	61	586361	71
68.7943394832859	69.99777141466802	65.98633164339427	0.3197266328678854	0.6000445717066396	321	hist_lgbm_reg-noTM	2024	1.0	100.0	53	1002910	89
64.24021794513385	69.78067610379051	51.31248224160164	0.026249644832032876	0.6043864779241896	303	hist_lgbm_reg-noTM	2023	1.0	100.0	53	790308	66
70.51636336735825	69.92697276897566	71.89160809691766	0.43783216193835345	0.6014605446204869	306	hist_lgbm_reg-noTM	2022	1.0	100.0	53	586361	59
69.29585378994457	70.0107756587469	67.62770276273918	0.3525540552547835	0.5997844868250621	321	hist_lgbm_reg-noTeam	2024	1.0	100.0	59	1002910	90
64.35921746635401	69.79424539649531	51.67748562935763	0.03354971258715276	0.6041150920700937	303	hist_lgbm_reg-noTeam	2023	1.0	100.0	59	790308	77
70.73494779297842	69.94258662961201	72.58379050750005	0.45167581015000124	0.6011482674077596	306	hist_lgbm_reg-noTeam	2022	1.0	100.0	59	586361	15
68.95044915734162	69.99798600299111	66.50619651749284	0.33012393034985665	0.6000402799401778	321	hist_lgbm_reg-noTM-noTeam	2024	1.0	100.0	51	1002910	20
64.24034484173718	69.76680678375506	51.34526697702883	0.026905339540576577	0.6046638643248987	303	hist_lgbm_reg-noTM-noTeam	2023	1.0	100.0	51	790308	16
70.89347595467513	69.95047151290458	73.09381965213973	0.4618763930427944	0.6009905697419081	306	hist_lgbm_reg-noTM-noTeam	2022	1.0	100.0	51	586361	14
69.08022941506593	70.00147538793678	66.93065547836731	0.33861310956734636	0.5999704922412644	321	hist_lgbm_reg-noTM-noTeam-noBat	2024	1.0	100.0	40	1002910	16
64.33980444013082	69.77400615570268	51.6600004371298	0.03320000874259612	0.6045198768859463	303	hist_lgbm_reg-noTM-noTeam-noBat	2023	1.0	100.0	40	790308	12
70.90585054554717	69.95161794295556	73.13239328492759	0.4626478656985518	0.6009676411408885	306	hist_lgbm_reg-noTM-noTeam-noBat	2022	1.0	100.0	40	586361	10
66.52601362042842	69.94909264337406	58.53882923355527	0.17077658467110543	0.601018147132519	321	hist_lgbm_reg-noTM-noTeam-noBat-noSeason	2024	1.0	100.0	39	1002910	15
64.41143771557563	69.81264334893676	51.808624571066375	0.03617249142132757	0.6037471330212648	303	hist_lgbm_reg-noTM-noTeam-noBat-noSeason	2023	1.0	100.0	39	790308	12
70.70235479389082	69.94745671272783	72.4637836499378	0.4492756729987558	0.6010508657454434	306	hist_lgbm_reg-noTM-noTeam-noBat-noSeason	2022	1.0	100.0	39	586361	10
68.5555544476699	70.00712063685609	65.16856667290214	0.3033713334580428	0.5998575872628782	321	blend_rf_lgbmreg-noTM-noTeam	2024	1.0	100.0	51	1002910	31
64.22672944582338	69.83259653027459	51.14637291543724	0.02292745830874478	0.6033480693945085	303	blend_rf_lgbmreg-noTM-noTeam	2023	1.0	100.0	51	790308	26
70.89747641621415	69.95618645796033	73.09381965213973	0.4618763930427944	0.6008762708407934	306	blend_rf_lgbmreg-noTM-noTeam	2022	1.0	100.0	51	586361	20
68.43412227110171	69.97049656335123	64.84924892251951	0.29698497845039007	0.6005900687329753	321	offset-sit	2024	1.0	100.0	29	1002910	42
64.21848433511622	69.76836222400944	51.26876926103206	0.02537538522064127	0.6046327555198112	303	offset-sit	2023	1.0	100.0	29	790308	25
70.46159936868187	69.91945681193002	71.72659866776955	0.434531973355391	0.6016108637613998	306	offset-sit	2022	1.0	100.0	29	586361	32
67.51753131952941	69.99120067637494	61.74563615355654	0.23491272307113067	0.6001759864725013	321	base_rf-noBat	2024	1.0	100.0	45	1002910	18
64.28166708904774	69.90545863737903	51.15948680960811	0.023189736192162268	0.6018908272524196	303	base_rf-noBat	2023	1.0	100.0	45	790308	14
70.62682033766967	69.9047581545057	72.31163209838563	0.4462326419677125	0.6019048369098859	306	base_rf-noBat	2022	1.0	100.0	45	586361	10
67.31171853500024	69.9875724226917	61.0680594637202	0.221361189274404	0.600248551546166	321	base_rf-dumpchk	2024	1.0	100.0	49	1002910	39
64.11209356093288	69.88708364770342	50.63711669180163	0.012742333836032611	0.6022583270459317	303	base_rf-dumpchk	2023	1.0	100.0	49	790308	28
70.62831250537842	69.9252582192267	72.26877250639909	0.44537545012798196	0.601494835615466	306	base_rf-dumpchk	2022	1.0	100.0	49	586361	20
67.47234963662096	69.9917428310959	61.593765516179424	0.2318753103235885	0.6001651433780818	321	base_rf-n300	2024	1.0	100.0	49	1002910	56
64.06190220606997	69.88469800994531	50.47537866369418	0.009507573273883681	0.6023060398010938	303	base_rf-n300	2023	1.0	100.0	49	790308	53
70.62166613218534	69.92494759866229	72.24734271040583	0.44494685420811675	0.6015010480267545	306	base_rf-n300	2022	1.0	100.0	49	586361	26
67.72031488180207	70.00051491831	62.39984812995023	0.2479969625990047	0.5999897016337999	321	base_rf-n300-mf03	2024	1.0	100.0	49	1002910	66
63.89762824872614	69.84485592713568	50.02076366577055	0.0004152733154110113	0.6031028814572863	303	base_rf-n300-mf03	2023	1.0	100.0	49	790308	47
70.67434862001895	69.93959258690077	72.38877936396138	0.44777558727922745	0.6012081482619848	306	base_rf-n300-mf03	2022	1.0	100.0	49	586361	31
67.53927892264377	69.63656416877878	62.64561334832879	0.2529122669665758	0.6072687166244246	262	naive-evalR	2024	1.0	100.0	61	1002910	5
67.46239597270431	69.62654187748488	62.412722194882996	0.24825444389766002	0.6074691624503024	257	naive-evalR	2023	1.0	100.0	61	790308	3
68.32429552264574	69.91907953438847	64.60313282857935	0.2920626565715869	0.6016184093122307	249	naive-evalR	2022	1.0	100.0	61	586361	2
67.81684385319436	70.00072853036919	62.72111293978643	0.2544222587957285	0.5999854293926162	321	hist_rf-noBat-n300-mf03	2024	1.0	100.0	52	1002910	63
63.97697665501998	69.84955281299679	50.274298953074116	0.005485979061482307	0.6030089437400644	303	hist_rf-noBat-n300-mf03	2023	1.0	100.0	52	790308	46
70.80514608168582	69.93725161894149	72.83023316142258	0.4566046632284517	0.6012549676211704	306	hist_rf-noBat-n300-mf03	2022	1.0	100.0	52	586361	34
66.93991389410954	69.74446819250011	60.39595386453157	0.20791907729063147	0.6051106361499979	321	naive-all	2024	1.0	100.0	61	1002910	5
66.44350104726625	69.74436097350826	58.74149455270158	0.17482989105403166	0.6051127805298345	303	naive-all	2023	1.0	100.0	61	790308	3
67.17503960672963	69.63892796434624	61.425966772290884	0.22851933544581776	0.6072214407130752	306	naive-all	2022	1.0	100.0	61	586361	2
68.41204552280192	69.87704569164487	64.99371179550174	0.2998742359100348	0.6024590861671026	262	base_rf-evalR	2024	1.0	100.0	49	1002910	28
68.00648748936783	69.85049908153158	63.70379377431906	0.2740758754863813	0.6029900183693685	257	base_rf-evalR	2023	1.0	100.0	49	790308	22
68.68374510874906	70.1781668089669	65.19676114157413	0.30393522283148267	0.5964366638206618	249	base_rf-evalR	2022	1.0	100.0	49	586361	14
67.9735187401537	70.00175056569744	63.24097781388499	0.2648195562776998	0.5999649886860513	321	base_rf-n300-d14-l100	2024	1.0	100.0	49	1002910	62
64.21755304932988	69.87662650274268	51.013048324700016	0.020260966494000394	0.6024674699451464	303	base_rf-n300-d14-l100	2023	1.0	100.0	49	790308	33
70.66479697097185	69.9332947326026	72.37163552716677	0.4474327105433352	0.601334105347948	306	base_rf-n300-d14-l100	2022	1.0	100.0	49	586361	22
68.78921968208391	69.88565120103165	66.23087947120587	0.32461758942411745	0.602286975979367	262	hist_lgbm_reg-evalR	2024	1.0	100.0	61	1002910	107
68.66096794541122	69.83442196759691	65.92290856031128	0.31845817120622566	0.6033115606480619	257	hist_lgbm_reg-evalR	2023	1.0	100.0	61	790308	52
68.86239662887888	70.17936360161599	65.78947369249231	0.3157894738498461	0.5964127279676801	249	hist_lgbm_reg-evalR	2022	1.0	100.0	61	586361	43
68.53761872356661	69.87343042561184	65.42072475212775	0.3084144950425551	0.602531391487763	262	hist_lgbm_reg-evalR-noGT	2024	1.0	100.0	60	1002910	30
68.6123492825823	69.85225481169346	65.71923638132296	0.31438472762645914	0.6029549037661307	257	hist_lgbm_reg-evalR-noGT	2023	1.0	100.0	60	790308	18
68.82026404571324	70.14415973788178	65.73117409732002	0.3146234819464005	0.5971168052423643	249	hist_lgbm_reg-evalR-noGT	2022	1.0	100.0	60	586361	15
68.8572878665656	69.88010752394092	66.47070866602323	0.32941417332046447	0.6023978495211817	262	hist_lgbm_reg-evalR-trainR-noGT-noTeam-noBat	2024	1.0	100.0	47	907943	18
68.89500264766319	69.83393582795688	66.70415856031128	0.33408317120622566	0.6033212834408627	257	hist_lgbm_reg-evalR-trainR-noGT-noTeam-noBat	2023	1.0	100.0	47	716803	15
68.90357973004708	70.20071829210268	65.87692308525072	0.3175384617050145	0.5959856341579465	249	hist_lgbm_reg-evalR-trainR-noGT-noTeam-noBat	2022	1.0	100.0	47	533379	25
67.99799871997047	69.65612893665974	64.12902821436217	0.28258056428724326	0.6068774212668051	262	naive-evalR-histR	2024	1.0	100.0	61	1002910	4
68.16372843899168	69.65529037708704	64.68341725010251	0.2936683450020503	0.6068941924582592	257	naive-evalR-histR	2023	1.0	100.0	61	790308	3
69.13634784839044	69.9679538495173	67.19593384576113	0.34391867691522277	0.6006409230096539	249	naive-evalR-histR	2022	1.0	100.0	61	586361	2
68.70419996966466	69.8782595738563	65.96472755988418	0.31929455119768363	0.6024348085228742	262	base_rf-evalR-histR-trainR	2024	1.0	100.0	49	907943	16
68.64056537020363	69.83914841657774	65.84387159533074	0.31687743190661477	0.6032170316684452	257	base_rf-evalR-histR-trainR	2023	1.0	100.0	49	716803	12
69.25012816193079	70.19468857914623	67.04615385509477	0.3409230771018954	0.5961062284170753	249	base_rf-evalR-histR-trainR	2022	1.0	100.0	49	533379	8
68.98352404022128	69.88119975010993	66.88894738381445	0.3377789476762891	0.6023760049978014	262	hist_lgbm_reg-evalR-trainR-noGT-noTeam-noBat-noSeason	2024	1.0	100.0	46	907943	106
68.58568222747459	69.84672919655904	65.64323929961088	0.3128647859922179	0.6030654160688192	257	hist_lgbm_reg-evalR-trainR-noGT-noTeam-noBat-noSeason	2023	1.0	100.0	46	716803	271
68.68157192497789	70.19588354471246	65.14817814559723	0.30296356291194465	0.5960823291057509	249	hist_lgbm_reg-evalR-trainR-noGT-noTeam-noBat-noSeason	2022	1.0	100.0	46	533379	146
69.03855917707119	69.88837400081229	67.05565792167529	0.3411131584335059	0.602232519983754	262	hist_lgbm_reg-evalR-histR-trainR-noGT-noTeam-noBat	2024	1.0	100.0	47	907943	275
69.17041509355954	69.84044846606339	67.60700389105058	0.35214007782101164	0.6031910306787323	257	hist_lgbm_reg-evalR-histR-trainR-noGT-noTeam-noBat	2023	1.0	100.0	47	716803	160
69.40074200390035	70.21135496982569	67.50931175007454	0.3501862350014909	0.5957729006034862	249	hist_lgbm_reg-evalR-histR-trainR-noGT-noTeam-noBat	2022	1.0	100.0	47	533379	55
